"10000002","EN20130312300","100003","203","远信科技","程序判定：一线解决 实际判定:二线根本解决"
"10000002","EN20130312424","100003","203","远信科技","程序判定：一线解决 实际判定:二线根本解决"
"10000002","EN20130312484","100003","203","远信科技","程序判定：一线解决 实际判定:二线根本解决"
"10000002","EN20130312514","100003","203","远信科技","程序判定：一线解决 实际判定:二线根本解决"
"10000002","EN20130312549","100003","203","远信科技","程序判定：一线解决 实际判定:二线根本解决"
"10000002","EN20130312575","100003","203","远信科技","程序判定：一线解决 实际判定:二线根本解决"
"10000002","EN20130313023","100003","203","远信科技","程序判定：一线解决 实际判定:二线根本解决"
"10000002","EN20130313041","100003","203","远信科技","程序判定：一线解决 实际判定:二线根本解决"
"10000002","EN20130313099","100003","203","远信科技","程序判定：一线解决 实际判定:二线根本解决"
"10000002","EN20130313156","100003","203","远信科技","程序判定：一线解决 实际判定:二线根本解决"
"10000002","EN20130313204","100003","203","远信科技","程序判定：一线解决 实际判定:二线根本解决"
"10000002","EN20130313232","100003","203","远信科技","程序判定：一线解决 实际判定:二线根本解决"
"10000002","EN20130313237","100003","203","远信科技","程序判定：一线解决 实际判定:二线根本解决"
"10000002","EN20130313241","100003","203","远信科技","程序判定：一线解决 实际判定:二线根本解决"
"10000002","EN20130313247","100003","203","远信科技","程序判定：一线解决 实际判定:二线根本解决"
"10000002","EN20130313252","100003","203","远信科技","程序判定：一线解决 实际判定:二线根本解决"
"10000002","EN20130313258","100003","203","远信科技","程序判定：一线解决 实际判定:二线根本解决"
"10000002","EN20130313265","100003","203","远信科技","程序判定：一线解决 实际判定:二线根本解决"
"10000002","EN20130313267","100003","203","远信科技","程序判定：一线解决 实际判定:二线根本解决"
"10000002","EN20130313270","100003","203","远信科技","程序判定：一线解决 实际判定:二线根本解决"
"10000002","EN20130313271","100003","203","远信科技","程序判定：一线解决 实际判定:二线根本解决"
"10000002","EN20130313279","100003","203","远信科技","程序判定：一线解决 实际判定:二线根本解决"
"10000002","EN20130313285","100003","203","远信科技","程序判定：一线解决 实际判定:二线根本解决"
"10000002","EN20130313289","100003","203","远信科技","程序判定：一线解决 实际判定:二线根本解决"
"10000002","EN20130313294","100003","203","远信科技","程序判定：一线解决 实际判定:二线根本解决"
"10000002","EN20130313295","100003","203","远信科技","程序判定：一线解决 实际判定:二线根本解决"
"10000002","EN20130313296","100003","203","远信科技","程序判定：一线解决 实际判定:二线根本解决"
"10000002","EN20130313301","100003","203","远信科技","程序判定：一线解决 实际判定:二线根本解决"
"10000002","EN20130313304","100003","203","远信科技","程序判定：一线解决 实际判定:二线根本解决"
"10000002","EN20130313305","100003","203","远信科技","程序判定：一线解决 实际判定:二线根本解决"
"10000002","EN20130313306","100003","203","远信科技","程序判定：一线解决 实际判定:二线根本解决"
"10000002","EN20130313308","100003","203","远信科技","程序判定：一线解决 实际判定:二线根本解决"
"10000002","EN20130313310","100003","203","远信科技","程序判定：一线解决 实际判定:二线根本解决"
"10000002","EN20130313318","100003","203","远信科技","程序判定：一线解决 实际判定:二线根本解决"
"10000002","EN20130313320","100003","203","远信科技","程序判定：一线解决 实际判定:二线根本解决"
"10000002","EN20130313328","100003","203","远信科技","程序判定：一线解决 实际判定:二线根本解决"
"10000002","EN20130313329","100003","203","远信科技","程序判定：一线解决 实际判定:二线根本解决"
"10000002","EN20130313330","100003","203","远信科技","程序判定：一线解决 实际判定:二线根本解决"
"10000002","EN20130313332","100003","203","远信科技","程序判定：一线解决 实际判定:二线根本解决"
"10000002","EN20130313334","100003","203","远信科技","程序判定：一线解决 实际判定:二线根本解决"
"10000002","EN20130313339","100003","203","远信科技","程序判定：一线解决 实际判定:二线根本解决"
"10000002","EN20130313342","100003","203","远信科技","程序判定：一线解决 实际判定:二线根本解决"
"10000002","EN20130313354","100003","203","远信科技","程序判定：一线解决 实际判定:二线根本解决"
"10000002","EN20130313366","100003","203","远信科技","程序判定：一线解决 实际判定:二线根本解决"
"10000002","EN20130313397","100003","203","远信科技","程序判定：一线解决 实际判定:二线根本解决"
"10000002","EN20130313411","100003","203","远信科技","程序判定：一线解决 实际判定:二线根本解决"
"10000002","EN20130313413","100003","203","远信科技","程序判定：一线解决 实际判定:二线根本解决"
"10000002","EN20130313430","100003","203","远信科技","程序判定：一线解决 实际判定:二线根本解决"
"10000002","EN20130313455","100003","203","远信科技","程序判定：一线解决 实际判定:二线根本解决"
"10000002","EN20130313462","100003","203","远信科技","程序判定：一线解决 实际判定:二线根本解决"
"10000002","EN20130313512","100010","203","远信科技","程序判定：一线解决 实际判定:可忽略（作废工单）"
"10000002","EN20130313515","100003","203","远信科技","程序判定：一线解决 实际判定:二线根本解决"
"10000002","EN20130313541","100003","203","远信科技","程序判定：一线解决 实际判定:二线根本解决"
"10000002","EN20130313542","100003","203","远信科技","程序判定：一线解决 实际判定:二线根本解决"
"10000002","EN20130313546","100003","203","远信科技","程序判定：一线解决 实际判定:二线根本解决"
"10000002","EN20130313548","100003","203","远信科技","程序判定：一线解决 实际判定:二线根本解决"
"10000002","EN20130313555","100003","203","远信科技","程序判定：一线解决 实际判定:二线根本解决"
"10000002","EN20130313569","100003","203","远信科技","程序判定：一线解决 实际判定:二线根本解决"
"10000002","EN20130313585","100003","203","远信科技","程序判定：一线解决 实际判定:二线根本解决"
"10000002","EN20130313588","100003","203","远信科技","程序判定：一线解决 实际判定:二线根本解决"
"10000002","EN20130314027","100003","203","远信科技","程序判定：一线解决 实际判定:二线根本解决"
"10000002","EN20130314035","100003","203","远信科技","程序判定：一线解决 实际判定:二线根本解决"
"10000002","EN20130314044","100003","203","远信科技","程序判定：一线解决 实际判定:二线根本解决"
"10000002","EN20130314049","100003","203","远信科技","程序判定：一线解决 实际判定:二线根本解决"
"10000002","EN20130314051","100003","203","远信科技","程序判定：一线解决 实际判定:二线根本解决"
"10000002","EN20130314058","100003","203","远信科技","程序判定：一线解决 实际判定:二线根本解决"
"10000002","EN20130314075","100003","203","远信科技","程序判定：一线解决 实际判定:二线根本解决"
"10000002","EN20130314079","100003","203","远信科技","程序判定：一线解决 实际判定:二线根本解决"
"10000002","EN20130314084","100003","203","远信科技","程序判定：一线解决 实际判定:二线根本解决"
"10000002","EN20130314085","100003","203","远信科技","程序判定：一线解决 实际判定:二线根本解决"
"10000002","EN20130314092","100003","203","远信科技","程序判定：一线解决 实际判定:二线根本解决"
"10000002","EN20130314096","100003","203","远信科技","程序判定：一线解决 实际判定:二线根本解决"
"10000002","EN20130314097","100003","203","远信科技","程序判定：一线解决 实际判定:二线根本解决"
"10000002","EN20130314102","100003","203","远信科技","程序判定：一线解决 实际判定:二线根本解决"
"10000002","EN20130314110","100003","203","远信科技","程序判定：一线解决 实际判定:二线根本解决"
"10000002","EN20130314116","100003","203","远信科技","程序判定：一线解决 实际判定:二线根本解决"
"10000002","EN20130314122","100003","203","远信科技","程序判定：一线解决 实际判定:二线根本解决"
"10000002","EN20130314128","100003","203","远信科技","程序判定：一线解决 实际判定:二线根本解决"
"10000002","EN20130314129","100003","203","远信科技","程序判定：一线解决 实际判定:二线根本解决"
"10000002","EN20130314130","100003","203","远信科技","程序判定：一线解决 实际判定:二线根本解决"
"10000002","EN20130314133","100003","203","远信科技","程序判定：一线解决 实际判定:二线根本解决"
"10000002","EN20130314139","100003","203","远信科技","程序判定：一线解决 实际判定:二线根本解决"
"10000002","EN20130314143","100003","203","远信科技","程序判定：一线解决 实际判定:二线根本解决"
"10000002","EN20130314156","100003","203","远信科技","程序判定：一线解决 实际判定:二线根本解决"
"10000002","EN20130314158","100003","203","远信科技","程序判定：一线解决 实际判定:二线根本解决"
"10000002","EN20130314176","100003","203","远信科技","程序判定：一线解决 实际判定:二线根本解决"
"10000002","EN20130314177","100003","203","远信科技","程序判定：一线解决 实际判定:二线根本解决"
"10000002","EN20130314180","100003","203","远信科技","程序判定：一线解决 实际判定:二线根本解决"
"10000002","EN20130314182","100003","203","远信科技","程序判定：一线解决 实际判定:二线根本解决"
"10000002","EN20130314187","100003","203","远信科技","程序判定：一线解决 实际判定:二线根本解决"
"10000002","EN20130314189","100003","203","远信科技","程序判定：一线解决 实际判定:二线根本解决"
"10000002","EN20130314190","100003","203","远信科技","程序判定：一线解决 实际判定:二线根本解决"
"10000002","EN20130314191","100003","203","远信科技","程序判定：一线解决 实际判定:二线根本解决"
"10000002","EN20130314193","100003","203","远信科技","程序判定：一线解决 实际判定:二线根本解决"
"10000002","EN20130314200","100003","203","远信科技","程序判定：一线解决 实际判定:二线根本解决"
"10000002","EN20130314201","100003","203","远信科技","程序判定：一线解决 实际判定:二线根本解决"
"10000002","EN20130314211","100003","203","远信科技","程序判定：一线解决 实际判定:二线根本解决"
"10000002","EN20130314212","100003","203","远信科技","程序判定：一线解决 实际判定:二线根本解决"
"10000002","EN20130314217","100003","203","远信科技","程序判定：一线解决 实际判定:二线根本解决"
"10000002","EN20130314220","100003","203","远信科技","程序判定：一线解决 实际判定:二线根本解决"
"10000002","EN20130314222","100003","203","远信科技","程序判定：一线解决 实际判定:二线根本解决"
"10000002","EN20130314229","100003","203","远信科技","程序判定：一线解决 实际判定:二线根本解决"
"10000002","EN20130314231","100003","203","远信科技","程序判定：一线解决 实际判定:二线根本解决"
"10000002","EN20130314238","100003","203","远信科技","程序判定：一线解决 实际判定:二线根本解决"
"10000002","EN20130314243","100003","203","远信科技","程序判定：一线解决 实际判定:二线根本解决"
"10000002","EN20130314244","100003","203","远信科技","程序判定：一线解决 实际判定:二线根本解决"
"10000002","EN20130314245","100003","203","远信科技","程序判定：一线解决 实际判定:二线根本解决"
"10000002","EN20130314246","100003","203","远信科技","程序判定：一线解决 实际判定:二线根本解决"
"10000002","EN20130314248","100003","203","远信科技","程序判定：一线解决 实际判定:二线根本解决"
"10000002","EN20130314249","100003","203","远信科技","程序判定：一线解决 实际判定:二线根本解决"
"10000002","EN20130314252","100003","203","远信科技","程序判定：一线解决 实际判定:二线根本解决"
"10000002","EN20130314258","100003","203","远信科技","程序判定：一线解决 实际判定:二线根本解决"
"10000002","EN20130314259","100003","203","远信科技","程序判定：一线解决 实际判定:二线根本解决"
"10000002","EN20130314261","100003","203","远信科技","程序判定：一线解决 实际判定:二线根本解决"
"10000002","EN20130314262","100003","203","远信科技","程序判定：一线解决 实际判定:二线根本解决"
"10000002","EN20130314264","100003","203","远信科技","程序判定：一线解决 实际判定:二线根本解决"
"10000002","EN20130314267","100003","203","远信科技","程序判定：一线解决 实际判定:二线根本解决"
"10000002","EN20130314269","100003","203","远信科技","程序判定：一线解决 实际判定:二线根本解决"
"10000002","EN20130314271","100003","203","远信科技","程序判定：一线解决 实际判定:二线根本解决"
"10000002","EN20130314276","100003","203","远信科技","程序判定：一线解决 实际判定:二线根本解决"
"10000002","EN20130314286","100003","203","远信科技","程序判定：一线解决 实际判定:二线根本解决"
"10000002","EN20130314288","100003","203","远信科技","程序判定：一线解决 实际判定:二线根本解决"
"10000002","EN20130314295","100003","203","远信科技","程序判定：一线解决 实际判定:二线根本解决"
"10000002","EN20130314297","100003","203","远信科技","程序判定：一线解决 实际判定:二线根本解决"
"10000002","EN20130314302","100003","203","远信科技","程序判定：一线解决 实际判定:二线根本解决"
"10000002","EN20130314309","100003","203","远信科技","程序判定：一线解决 实际判定:二线根本解决"
"10000002","EN20130314314","100003","203","远信科技","程序判定：一线解决 实际判定:二线根本解决"
"10000002","EN20130314319","100003","203","远信科技","程序判定：一线解决 实际判定:二线根本解决"
"10000002","EN20130314325","100003","203","远信科技","程序判定：一线解决 实际判定:二线根本解决"
"10000002","EN20130314327","100003","203","远信科技","程序判定：一线解决 实际判定:二线根本解决"
"10000002","EN20130314332","100003","203","远信科技","程序判定：一线解决 实际判定:二线根本解决"
"10000002","EN20130314334","100003","203","远信科技","程序判定：一线解决 实际判定:二线根本解决"
"10000002","EN20130314335","100003","203","远信科技","程序判定：一线解决 实际判定:二线根本解决"
"10000002","EN20130314338","100003","203","远信科技","程序判定：一线解决 实际判定:二线根本解决"
"10000002","EN20130314342","100003","203","远信科技","程序判定：一线解决 实际判定:二线根本解决"
"10000002","EN20130314350","100003","203","远信科技","程序判定：一线解决 实际判定:二线根本解决"
"10000002","EN20130314351","100003","203","远信科技","程序判定：一线解决 实际判定:二线根本解决"
"10000002","EN20130314356","100003","203","远信科技","程序判定：一线解决 实际判定:二线根本解决"
"10000002","EN20130314361","100003","203","远信科技","程序判定：一线解决 实际判定:二线根本解决"
"10000002","EN20130314375","100003","203","远信科技","程序判定：一线解决 实际判定:二线根本解决"
"10000002","EN20130314433","100003","203","远信科技","程序判定：一线解决 实际判定:二线根本解决"
"10000002","EN20130314461","100003","203","远信科技","程序判定：一线解决 实际判定:二线根本解决"
"10000002","EN20130314480","100003","203","远信科技","程序判定：一线解决 实际判定:二线根本解决"
"10000002","EN20130314532","100010","203","远信科技","程序判定：一线解决 实际判定:可忽略（作废工单）"
"10000002","EN20130315070","100003","203","远信科技","程序判定：一线解决 实际判定:二线根本解决"
"10000002","EN20130315083","100003","203","远信科技","程序判定：一线解决 实际判定:二线根本解决"
"10000002","EN20130315104","100003","203","远信科技","程序判定：一线解决 实际判定:二线根本解决"
"10000002","EN20130315113","100003","203","远信科技","程序判定：一线解决 实际判定:二线根本解决"
"10000002","EN20130315136","100003","203","远信科技","程序判定：一线解决 实际判定:二线根本解决"
"10000002","EN20130315152","100003","203","远信科技","程序判定：一线解决 实际判定:二线根本解决"
"10000002","EN20130315162","100003","203","远信科技","程序判定：一线解决 实际判定:二线根本解决"
"10000002","EN20130315210","100003","203","远信科技","程序判定：一线解决 实际判定:二线根本解决"
"10000002","EN20130315214","100003","203","远信科技","程序判定：一线解决 实际判定:二线根本解决"
"10000002","EN20130315257","100003","203","远信科技","程序判定：一线解决 实际判定:二线根本解决"
"10000002","EN20130315258","100003","203","远信科技","程序判定：一线解决 实际判定:二线根本解决"
"10000002","EN20130315302","100003","203","远信科技","程序判定：一线解决 实际判定:二线根本解决"
"10000002","EN20130315350","100003","203","远信科技","程序判定：一线解决 实际判定:二线根本解决"
"10000002","EN20130316045","100003","203","远信科技","程序判定：一线解决 实际判定:二线根本解决"
"10000002","EN20130318029","100003","203","远信科技","程序判定：一线解决 实际判定:二线根本解决"
"10000002","EN20130318058","100003","203","远信科技","程序判定：一线解决 实际判定:二线根本解决"
"10000002","EN20130318068","100003","203","远信科技","程序判定：一线解决 实际判定:二线根本解决"
"10000002","EN20130318104","100003","203","远信科技","程序判定：一线解决 实际判定:二线根本解决"
"10000002","EN20130318136","100003","203","远信科技","程序判定：一线解决 实际判定:二线根本解决"
"10000002","EN20130318143","100003","203","远信科技","程序判定：一线解决 实际判定:二线根本解决"
"10000002","EN20130318175","100003","203","远信科技","程序判定：一线解决 实际判定:二线根本解决"
"10000002","EN20130318231","100003","203","远信科技","程序判定：一线解决 实际判定:二线根本解决"
"10000002","EN20130318235","100003","203","远信科技","程序判定：一线解决 实际判定:二线根本解决"
"10000002","EN20130322222","100010","203","远信科技","程序判定：一线解决 实际判定:可忽略（作废工单）"
"10000002","EN20130325075","100003","203","远信科技","程序判定：一线解决 实际判定:二线根本解决"
"10000002","EN20130325311","100010","203","远信科技","程序判定：一线解决 实际判定:可忽略（作废工单）"
"10000002","EN20130326648","100003","203","远信科技","程序判定：一线解决 实际判定:二线根本解决"
"10000002","EN20130327026","100003","203","远信科技","程序判定：一线解决 实际判定:二线根本解决"
"10000002","EN20130327103","100003","203","远信科技","程序判定：一线解决 实际判定:二线根本解决"
"10000002","EN20130327182","100003","203","远信科技","程序判定：一线解决 实际判定:二线根本解决"
"10000002","EN20130327333","100003","203","远信科技","程序判定：一线解决 实际判定:二线根本解决"
"10000002","EN20130327423","100003","203","远信科技","程序判定：一线解决 实际判定:二线根本解决"
"10000002","EN20130327458","100003","203","远信科技","程序判定：一线解决 实际判定:二线根本解决"
"10000002","EN20130327528","100003","203","远信科技","程序判定：一线解决 实际判定:二线根本解决"
"10000002","EN20130327536","100010","203","远信科技","程序判定：一线解决 实际判定:可忽略（作废工单）"
"10000002","EN20130327548","100003","203","远信科技","程序判定：一线解决 实际判定:二线根本解决"
"10000002","EN20130327551","100003","203","远信科技","程序判定：一线解决 实际判定:二线根本解决"
"10000002","EN20130328026","100003","203","远信科技","程序判定：一线解决 实际判定:二线根本解决"
"10000002","EN20130328028","100003","203","远信科技","程序判定：一线解决 实际判定:二线根本解决"
"10000002","EN20130328030","100003","203","远信科技","程序判定：一线解决 实际判定:二线根本解决"
"10000002","EN20130328032","100003","203","远信科技","程序判定：一线解决 实际判定:二线根本解决"
"10000002","EN20130328034","100003","203","远信科技","程序判定：一线解决 实际判定:二线根本解决"
"10000002","EN20130328035","100003","203","远信科技","程序判定：一线解决 实际判定:二线根本解决"
"10000002","EN20130328039","100003","203","远信科技","程序判定：一线解决 实际判定:二线根本解决"
"10000002","EN20130328043","100003","203","远信科技","程序判定：一线解决 实际判定:二线根本解决"
"10000002","EN20130328045","100003","203","远信科技","程序判定：一线解决 实际判定:二线根本解决"
"10000002","EN20130328047","100003","203","远信科技","程序判定：一线解决 实际判定:二线根本解决"
"10000002","EN20130328049","100003","203","远信科技","程序判定：一线解决 实际判定:二线根本解决"
"10000002","EN20130328050","100003","203","远信科技","程序判定：一线解决 实际判定:二线根本解决"
"10000002","EN20130328053","100003","203","远信科技","程序判定：一线解决 实际判定:二线根本解决"
"10000002","EN20130328068","100003","203","远信科技","程序判定：一线解决 实际判定:二线根本解决"
"10000002","EN20130328071","100003","203","远信科技","程序判定：一线解决 实际判定:二线根本解决"
"10000002","EN20130328078","100003","203","远信科技","程序判定：一线解决 实际判定:二线根本解决"
"10000002","EN20130328080","100003","203","远信科技","程序判定：一线解决 实际判定:二线根本解决"
"10000002","EN20130328084","100003","203","远信科技","程序判定：一线解决 实际判定:二线根本解决"
"10000002","EN20130328089","100003","203","远信科技","程序判定：一线解决 实际判定:二线根本解决"
"10000002","EN20130328091","100003","203","远信科技","程序判定：一线解决 实际判定:二线根本解决"
"10000002","EN20130328095","100003","203","远信科技","程序判定：一线解决 实际判定:二线根本解决"
"10000002","EN20130328096","100003","203","远信科技","程序判定：一线解决 实际判定:二线根本解决"
"10000002","EN20130328098","100003","203","远信科技","程序判定：一线解决 实际判定:二线根本解决"
"10000002","EN20130328099","100003","203","远信科技","程序判定：一线解决 实际判定:二线根本解决"
"10000002","EN20130328100","100003","203","远信科技","程序判定：一线解决 实际判定:二线根本解决"
"10000002","EN20130328101","100003","203","远信科技","程序判定：一线解决 实际判定:二线根本解决"
"10000002","EN20130328105","100003","203","远信科技","程序判定：一线解决 实际判定:二线根本解决"
"10000002","EN20130328106","100003","203","远信科技","程序判定：一线解决 实际判定:二线根本解决"
"10000002","EN20130328116","100003","203","远信科技","程序判定：一线解决 实际判定:二线根本解决"
"10000002","EN20130328117","100003","203","远信科技","程序判定：一线解决 实际判定:二线根本解决"
"10000002","EN20130328119","100003","203","远信科技","程序判定：一线解决 实际判定:二线根本解决"
"10000002","EN20130328124","100003","203","远信科技","程序判定：一线解决 实际判定:二线根本解决"
"10000002","EN20130328133","100003","203","远信科技","程序判定：一线解决 实际判定:二线根本解决"
"10000002","EN20130328135","100003","203","远信科技","程序判定：一线解决 实际判定:二线根本解决"
"10000002","EN20130328137","100003","203","远信科技","程序判定：一线解决 实际判定:二线根本解决"
"10000002","EN20130328138","100003","203","远信科技","程序判定：一线解决 实际判定:二线根本解决"
"10000002","EN20130328142","100003","203","远信科技","程序判定：一线解决 实际判定:二线根本解决"
"10000002","EN20130328143","100003","203","远信科技","程序判定：一线解决 实际判定:二线根本解决"
"10000002","EN20130328144","100003","203","远信科技","程序判定：一线解决 实际判定:二线根本解决"
"10000002","EN20130328147","100003","203","远信科技","程序判定：一线解决 实际判定:二线根本解决"
"10000002","EN20130328150","100003","203","远信科技","程序判定：一线解决 实际判定:二线根本解决"
"10000002","EN20130328155","100003","203","远信科技","程序判定：一线解决 实际判定:二线根本解决"
"10000002","EN20130328162","100003","203","远信科技","程序判定：一线解决 实际判定:二线根本解决"
"10000002","EN20130328166","100003","203","远信科技","程序判定：一线解决 实际判定:二线根本解决"
"10000002","EN20130328178","100003","203","远信科技","程序判定：一线解决 实际判定:二线根本解决"
"10000002","EN20130328180","100003","203","远信科技","程序判定：一线解决 实际判定:二线根本解决"
"10000002","EN20130328181","100003","203","远信科技","程序判定：一线解决 实际判定:二线根本解决"
"10000002","EN20130328188","100003","203","远信科技","程序判定：一线解决 实际判定:二线根本解决"
"10000002","EN20130328193","100003","203","远信科技","程序判定：一线解决 实际判定:二线根本解决"
"10000002","EN20130328196","100003","203","远信科技","程序判定：一线解决 实际判定:二线根本解决"
"10000002","EN20130328208","100003","203","远信科技","程序判定：一线解决 实际判定:二线根本解决"
"10000002","EN20130328209","100003","203","远信科技","程序判定：一线解决 实际判定:二线根本解决"
"10000002","EN20130328212","100003","203","远信科技","程序判定：一线解决 实际判定:二线根本解决"
"10000002","EN20130328214","100003","203","远信科技","程序判定：一线解决 实际判定:二线根本解决"
"10000002","EN20130328230","100003","203","远信科技","程序判定：一线解决 实际判定:二线根本解决"
"10000002","EN20130328238","100003","203","远信科技","程序判定：一线解决 实际判定:二线根本解决"
"10000002","EN20130328240","100003","203","远信科技","程序判定：一线解决 实际判定:二线根本解决"
"10000002","EN20130328241","100003","203","远信科技","程序判定：一线解决 实际判定:二线根本解决"
"10000002","EN20130328243","100003","203","远信科技","程序判定：一线解决 实际判定:二线根本解决"
"10000002","EN20130328252","100003","203","远信科技","程序判定：一线解决 实际判定:二线根本解决"
"10000002","EN20130328257","100003","203","远信科技","程序判定：一线解决 实际判定:二线根本解决"
"10000002","EN20130328260","100003","203","远信科技","程序判定：一线解决 实际判定:二线根本解决"
"10000002","EN20130328261","100003","203","远信科技","程序判定：一线解决 实际判定:二线根本解决"
"10000002","EN20130328263","100003","203","远信科技","程序判定：一线解决 实际判定:二线根本解决"
"10000002","EN20130328266","100003","203","远信科技","程序判定：一线解决 实际判定:二线根本解决"
"10000002","EN20130328268","100003","203","远信科技","程序判定：一线解决 实际判定:二线根本解决"
"10000002","EN20130328269","100003","203","远信科技","程序判定：一线解决 实际判定:二线根本解决"
"10000002","EN20130328270","100003","203","远信科技","程序判定：一线解决 实际判定:二线根本解决"
"10000002","EN20130328285","100003","203","远信科技","程序判定：一线解决 实际判定:二线根本解决"
"10000002","EN20130328291","100003","203","远信科技","程序判定：一线解决 实际判定:二线根本解决"
"10000002","EN20130328292","100003","203","远信科技","程序判定：一线解决 实际判定:二线根本解决"
"10000002","EN20130328294","100003","203","远信科技","程序判定：一线解决 实际判定:二线根本解决"
"10000002","EN20130328298","100003","203","远信科技","程序判定：一线解决 实际判定:二线根本解决"
"10000002","EN20130328299","100003","203","远信科技","程序判定：一线解决 实际判定:二线根本解决"
"10000002","EN20130328301","100003","203","远信科技","程序判定：一线解决 实际判定:二线根本解决"
"10000002","EN20130328302","100003","203","远信科技","程序判定：一线解决 实际判定:二线根本解决"
"10000002","EN20130328303","100003","203","远信科技","程序判定：一线解决 实际判定:二线根本解决"
"10000002","EN20130328305","100003","203","远信科技","程序判定：一线解决 实际判定:二线根本解决"
"10000002","EN20130328307","100003","203","远信科技","程序判定：一线解决 实际判定:二线根本解决"
"10000002","EN20130328308","100003","203","远信科技","程序判定：一线解决 实际判定:二线根本解决"
"10000002","EN20130328313","100003","203","远信科技","程序判定：一线解决 实际判定:二线根本解决"
"10000002","EN20130328314","100003","203","远信科技","程序判定：一线解决 实际判定:二线根本解决"
"10000002","EN20130328315","100003","203","远信科技","程序判定：一线解决 实际判定:二线根本解决"
"10000002","EN20130328316","100003","203","远信科技","程序判定：一线解决 实际判定:二线根本解决"
"10000002","EN20130328319","100003","203","远信科技","程序判定：一线解决 实际判定:二线根本解决"
"10000002","EN20130328324","100003","203","远信科技","程序判定：一线解决 实际判定:二线根本解决"
"10000002","EN20130328329","100003","203","远信科技","程序判定：一线解决 实际判定:二线根本解决"
"10000002","EN20130328336","100003","203","远信科技","程序判定：一线解决 实际判定:二线根本解决"
"10000002","EN20130328337","100003","203","远信科技","程序判定：一线解决 实际判定:二线根本解决"
"10000002","EN20130328341","100003","203","远信科技","程序判定：一线解决 实际判定:二线根本解决"
"10000002","EN20130328345","100003","203","远信科技","程序判定：一线解决 实际判定:二线根本解决"
"10000002","EN20130328347","100003","203","远信科技","程序判定：一线解决 实际判定:二线根本解决"
"10000002","EN20130328356","100003","203","远信科技","程序判定：一线解决 实际判定:二线根本解决"
"10000002","EN20130328366","100003","203","远信科技","程序判定：一线解决 实际判定:二线根本解决"
"10000002","EN20130328484","100003","203","远信科技","程序判定：一线解决 实际判定:二线根本解决"
"10000002","EN20130328557","100003","203","远信科技","程序判定：一线解决 实际判定:二线根本解决"
"10000002","EN20130328602","100003","203","远信科技","程序判定：一线解决 实际判定:二线根本解决"
"10000002","EN20130328603","100003","203","远信科技","程序判定：一线解决 实际判定:二线根本解决"
"10000002","EN20130328604","100003","203","远信科技","程序判定：一线解决 实际判定:二线根本解决"
"10000002","EN20130328606","100003","203","远信科技","程序判定：一线解决 实际判定:二线根本解决"
"10000002","EN20130328607","100003","203","远信科技","程序判定：一线解决 实际判定:二线根本解决"
"10000002","EN20130328608","100003","203","远信科技","程序判定：一线解决 实际判定:二线根本解决"
"10000002","EN20130328609","100003","203","远信科技","程序判定：一线解决 实际判定:二线根本解决"
"10000002","EN20130328610","100003","203","远信科技","程序判定：一线解决 实际判定:二线根本解决"
"10000002","EN20130329208","100003","203","远信科技","程序判定：一线解决 实际判定:二线根本解决"
"10000002","EN20130329370","100003","203","远信科技","程序判定：一线解决 实际判定:二线根本解决"
"10000002","EN20130329443","100003","203","远信科技","程序判定：一线解决 实际判定:二线根本解决"
"10000002","EN20130329463","100003","203","远信科技","程序判定：一线解决 实际判定:二线根本解决"
"10000002","EN20130329504","100003","203","远信科技","程序判定：一线解决 实际判定:二线根本解决"
"10000002","EN20130329517","100003","203","远信科技","程序判定：一线解决 实际判定:二线根本解决"
"10000002","EN20130329538","100003","203","远信科技","程序判定：一线解决 实际判定:二线根本解决"
"10000002","EN20130329559","100003","203","远信科技","程序判定：一线解决 实际判定:二线根本解决"
"10000002","EN20130329569","100003","203","远信科技","程序判定：一线解决 实际判定:二线根本解决"
"10000002","EN20130331032","100003","203","远信科技","程序判定：一线解决 实际判定:二线根本解决"
"10000002","EN20130331058","100003","203","远信科技","程序判定：一线解决 实际判定:二线根本解决"
"10000002","EN20130401035","100003","203","远信科技","程序判定：一线解决 实际判定:二线根本解决"
"10000002","EN20130401040","100003","203","远信科技","程序判定：一线解决 实际判定:二线根本解决"
"10000002","EN20130401052","100003","203","远信科技","程序判定：一线解决 实际判定:二线根本解决"
"10000002","EN20130401057","100003","203","远信科技","程序判定：一线解决 实际判定:二线根本解决"
"10000002","EN20130401063","100003","203","远信科技","程序判定：一线解决 实际判定:二线根本解决"
"10000002","EN20130401071","100003","203","远信科技","程序判定：一线解决 实际判定:二线根本解决"
"10000002","EN20130401079","100003","203","远信科技","程序判定：一线解决 实际判定:二线根本解决"
"10000002","EN20130401092","100003","203","远信科技","程序判定：一线解决 实际判定:二线根本解决"
"10000002","EN20130401095","100003","203","远信科技","程序判定：一线解决 实际判定:二线根本解决"
"10000002","EN20130401101","100003","203","远信科技","程序判定：一线解决 实际判定:二线根本解决"
"10000002","EN20130401116","100003","203","远信科技","程序判定：一线解决 实际判定:二线根本解决"
"10000002","EN20130401117","100003","203","远信科技","程序判定：一线解决 实际判定:二线根本解决"
"10000002","EN20130401119","100003","203","远信科技","程序判定：一线解决 实际判定:二线根本解决"
"10000002","EN20130401121","100003","203","远信科技","程序判定：一线解决 实际判定:二线根本解决"
"10000002","EN20130401133","100003","203","远信科技","程序判定：一线解决 实际判定:二线根本解决"
"10000002","EN20130401136","100003","203","远信科技","程序判定：一线解决 实际判定:二线根本解决"
"10000002","EN20130401139","100003","203","远信科技","程序判定：一线解决 实际判定:二线根本解决"
"10000002","EN20130401145","100003","203","远信科技","程序判定：一线解决 实际判定:二线根本解决"
"10000002","EN20130401163","100003","203","远信科技","程序判定：一线解决 实际判定:二线根本解决"
"10000002","EN20130401166","100003","203","远信科技","程序判定：一线解决 实际判定:二线根本解决"
"10000002","EN20130401167","100003","203","远信科技","程序判定：一线解决 实际判定:二线根本解决"
"10000002","EN20130401169","100003","203","远信科技","程序判定：一线解决 实际判定:二线根本解决"
"10000002","EN20130401174","100003","203","远信科技","程序判定：一线解决 实际判定:二线根本解决"
"10000002","EN20130401175","100003","203","远信科技","程序判定：一线解决 实际判定:二线根本解决"
"10000002","EN20130401178","100003","203","远信科技","程序判定：一线解决 实际判定:二线根本解决"
"10000002","EN20130401187","100003","203","远信科技","程序判定：一线解决 实际判定:二线根本解决"
"10000002","EN20130401190","100003","203","远信科技","程序判定：一线解决 实际判定:二线根本解决"
"10000002","EN20130401192","100003","203","远信科技","程序判定：一线解决 实际判定:二线根本解决"
"10000002","EN20130401196","100003","203","远信科技","程序判定：一线解决 实际判定:二线根本解决"
"10000002","EN20130401197","100003","203","远信科技","程序判定：一线解决 实际判定:二线根本解决"
"10000002","EN20130401202","100003","203","远信科技","程序判定：一线解决 实际判定:二线根本解决"
"10000002","EN20130401213","100003","203","远信科技","程序判定：一线解决 实际判定:二线根本解决"
"10000002","EN20130401215","100003","203","远信科技","程序判定：一线解决 实际判定:二线根本解决"
"10000002","EN20130401220","100003","203","远信科技","程序判定：一线解决 实际判定:二线根本解决"
"10000002","EN20130401221","100003","203","远信科技","程序判定：一线解决 实际判定:二线根本解决"
"10000002","EN20130401224","100003","203","远信科技","程序判定：一线解决 实际判定:二线根本解决"
"10000002","EN20130401228","100003","203","远信科技","程序判定：一线解决 实际判定:二线根本解决"
"10000002","EN20130401233","100003","203","远信科技","程序判定：一线解决 实际判定:二线根本解决"
"10000002","EN20130401236","100003","203","远信科技","程序判定：一线解决 实际判定:二线根本解决"
"10000002","EN20130401237","100003","203","远信科技","程序判定：一线解决 实际判定:二线根本解决"
"10000002","EN20130401239","100003","203","远信科技","程序判定：一线解决 实际判定:二线根本解决"
"10000002","EN20130401251","100003","203","远信科技","程序判定：一线解决 实际判定:二线根本解决"
"10000002","EN20130401258","100003","203","远信科技","程序判定：一线解决 实际判定:二线根本解决"
"10000002","EN20130401269","100003","203","远信科技","程序判定：一线解决 实际判定:二线根本解决"
"10000002","EN20130401271","100003","203","远信科技","程序判定：一线解决 实际判定:二线根本解决"
"10000002","EN20130401274","100003","203","远信科技","程序判定：一线解决 实际判定:二线根本解决"
"10000002","EN20130401281","100003","203","远信科技","程序判定：一线解决 实际判定:二线根本解决"
"10000002","EN20130401282","100003","203","远信科技","程序判定：一线解决 实际判定:二线根本解决"
"10000002","EN20130401283","100003","203","远信科技","程序判定：一线解决 实际判定:二线根本解决"
"10000002","EN20130401285","100003","203","远信科技","程序判定：一线解决 实际判定:二线根本解决"
"10000002","EN20130401287","100003","203","远信科技","程序判定：一线解决 实际判定:二线根本解决"
"10000002","EN20130401289","100003","203","远信科技","程序判定：一线解决 实际判定:二线根本解决"
"10000002","EN20130401293","100003","203","远信科技","程序判定：一线解决 实际判定:二线根本解决"
"10000002","EN20130401295","100003","203","远信科技","程序判定：一线解决 实际判定:二线根本解决"
"10000002","EN20130401298","100003","203","远信科技","程序判定：一线解决 实际判定:二线根本解决"
"10000002","EN20130401301","100003","203","远信科技","程序判定：一线解决 实际判定:二线根本解决"
"10000002","EN20130401309","100003","203","远信科技","程序判定：一线解决 实际判定:二线根本解决"
"10000002","EN20130401318","100003","203","远信科技","程序判定：一线解决 实际判定:二线根本解决"
"10000002","EN20130401323","100003","203","远信科技","程序判定：一线解决 实际判定:二线根本解决"
"10000002","EN20130401325","100003","203","远信科技","程序判定：一线解决 实际判定:二线根本解决"
"10000002","EN20130401331","100003","203","远信科技","程序判定：一线解决 实际判定:二线根本解决"
"10000002","EN20130401333","100003","203","远信科技","程序判定：一线解决 实际判定:二线根本解决"
"10000002","EN20130401358","100003","203","远信科技","程序判定：一线解决 实际判定:二线根本解决"
"10000002","EN20130401365","100003","203","远信科技","程序判定：一线解决 实际判定:二线根本解决"
"10000002","EN20130401369","100003","203","远信科技","程序判定：一线解决 实际判定:二线根本解决"
"10000002","EN20130401370","100003","203","远信科技","程序判定：一线解决 实际判定:二线根本解决"
"10000002","EN20130401382","100003","203","远信科技","程序判定：一线解决 实际判定:二线根本解决"
"10000002","EN20130401384","100003","203","远信科技","程序判定：一线解决 实际判定:二线根本解决"
"10000002","EN20130401386","100003","203","远信科技","程序判定：一线解决 实际判定:二线根本解决"
"10000002","EN20130401391","100003","203","远信科技","程序判定：一线解决 实际判定:二线根本解决"
"10000002","EN20130401396","100003","203","远信科技","程序判定：一线解决 实际判定:二线根本解决"
"10000002","EN20130401397","100003","203","远信科技","程序判定：一线解决 实际判定:二线根本解决"
"10000002","EN20130401399","100003","203","远信科技","程序判定：一线解决 实际判定:二线根本解决"
"10000002","EN20130401402","100003","203","远信科技","程序判定：一线解决 实际判定:二线根本解决"
"10000002","EN20130401404","100003","203","远信科技","程序判定：一线解决 实际判定:二线根本解决"
"10000002","EN20130401412","100003","203","远信科技","程序判定：一线解决 实际判定:二线根本解决"
"10000002","EN20130401413","100003","203","远信科技","程序判定：一线解决 实际判定:二线根本解决"
"10000002","EN20130401415","100003","203","远信科技","程序判定：一线解决 实际判定:二线根本解决"
"10000002","EN20130401424","100003","203","远信科技","程序判定：一线解决 实际判定:二线根本解决"
"10000002","EN20130401425","100003","203","远信科技","程序判定：一线解决 实际判定:二线根本解决"
"10000002","EN20130401432","100003","203","远信科技","程序判定：一线解决 实际判定:二线根本解决"
"10000002","EN20130401439","100003","203","远信科技","程序判定：一线解决 实际判定:二线根本解决"
"10000002","EN20130401441","100003","203","远信科技","程序判定：一线解决 实际判定:二线根本解决"
"10000002","EN20130401442","100003","203","远信科技","程序判定：一线解决 实际判定:二线根本解决"
"10000002","EN20130401454","100003","203","远信科技","程序判定：一线解决 实际判定:二线根本解决"
"10000002","EN20130401458","100003","203","远信科技","程序判定：一线解决 实际判定:二线根本解决"
"10000002","EN20130401462","100003","203","远信科技","程序判定：一线解决 实际判定:二线根本解决"
"10000002","EN20130401463","100003","203","远信科技","程序判定：一线解决 实际判定:二线根本解决"
"10000002","EN20130401469","100003","203","远信科技","程序判定：一线解决 实际判定:二线根本解决"
"10000002","EN20130401472","100003","203","远信科技","程序判定：一线解决 实际判定:二线根本解决"
"10000002","EN20130401477","100003","203","远信科技","程序判定：一线解决 实际判定:二线根本解决"
"10000002","EN20130401558","100003","203","远信科技","程序判定：一线解决 实际判定:二线根本解决"
"10000002","EN20130402244","100003","203","远信科技","程序判定：一线解决 实际判定:二线根本解决"
"10000002","EN20130402313","100003","203","远信科技","程序判定：一线解决 实际判定:二线根本解决"
"10000002","EN20130402332","100003","203","远信科技","程序判定：一线解决 实际判定:二线根本解决"
"10000002","EN20130402625","100003","203","远信科技","程序判定：一线解决 实际判定:二线根本解决"
"10000002","EN20130402747","100003","203","远信科技","程序判定：一线解决 实际判定:二线根本解决"
"10000002","EN20130403146","100003","203","远信科技","程序判定：一线解决 实际判定:二线根本解决"
"10000002","EN20130403160","100003","203","远信科技","程序判定：一线解决 实际判定:二线根本解决"
"10000002","EN20130403295","100003","203","远信科技","程序判定：一线解决 实际判定:二线根本解决"
"10000002","EN20130403319","100003","203","远信科技","程序判定：一线解决 实际判定:二线根本解决"
"10000002","EN20130403323","100003","203","远信科技","程序判定：一线解决 实际判定:二线根本解决"
"10000002","EN20130403324","100003","203","远信科技","程序判定：一线解决 实际判定:二线根本解决"
"10000002","EN20130403341","100003","203","远信科技","程序判定：一线解决 实际判定:二线根本解决"
"10000002","EN20130403346","100003","203","远信科技","程序判定：一线解决 实际判定:二线根本解决"
"10000002","EN20130403351","100003","203","远信科技","程序判定：一线解决 实际判定:二线根本解决"
"10000002","EN20130403352","100003","203","远信科技","程序判定：一线解决 实际判定:二线根本解决"
"10000002","EN20130403373","100003","203","远信科技","程序判定：一线解决 实际判定:二线根本解决"
"10000002","EN20130403380","100003","203","远信科技","程序判定：一线解决 实际判定:二线根本解决"
"10000002","EN20130403387","100003","203","远信科技","程序判定：一线解决 实际判定:二线根本解决"
"10000002","EN20130403390","100003","203","远信科技","程序判定：一线解决 实际判定:二线根本解决"
"10000002","EN20130403399","100003","203","远信科技","程序判定：一线解决 实际判定:二线根本解决"
"10000002","EN20130403401","100003","203","远信科技","程序判定：一线解决 实际判定:二线根本解决"
"10000002","EN20130403402","100003","203","远信科技","程序判定：一线解决 实际判定:二线根本解决"
"10000002","EN20130403403","100003","203","远信科技","程序判定：一线解决 实际判定:二线根本解决"
"10000002","EN20130403407","100003","203","远信科技","程序判定：一线解决 实际判定:二线根本解决"
"10000002","EN20130403410","100003","203","远信科技","程序判定：一线解决 实际判定:二线根本解决"
"10000002","EN20130403411","100003","203","远信科技","程序判定：一线解决 实际判定:二线根本解决"
"10000002","EN20130403414","100003","203","远信科技","程序判定：一线解决 实际判定:二线根本解决"
"10000002","EN20130403416","100003","203","远信科技","程序判定：一线解决 实际判定:二线根本解决"
"10000002","EN20130403417","100003","203","远信科技","程序判定：一线解决 实际判定:二线根本解决"
"10000002","EN20130403419","100003","203","远信科技","程序判定：一线解决 实际判定:二线根本解决"
"10000002","EN20130403421","100003","203","远信科技","程序判定：一线解决 实际判定:二线根本解决"
"10000002","EN20130403426","100003","203","远信科技","程序判定：一线解决 实际判定:二线根本解决"
"10000002","EN20130403427","100003","203","远信科技","程序判定：一线解决 实际判定:二线根本解决"
"10000002","EN20130403432","100003","203","远信科技","程序判定：一线解决 实际判定:二线根本解决"
"10000002","EN20130403446","100003","203","远信科技","程序判定：一线解决 实际判定:二线根本解决"
"10000002","EN20130403448","100003","203","远信科技","程序判定：一线解决 实际判定:二线根本解决"
"10000002","EN20130403450","100003","203","远信科技","程序判定：一线解决 实际判定:二线根本解决"
"10000002","EN20130403453","100003","203","远信科技","程序判定：一线解决 实际判定:二线根本解决"
"10000002","EN20130403456","100003","203","远信科技","程序判定：一线解决 实际判定:二线根本解决"
"10000002","EN20130403457","100003","203","远信科技","程序判定：一线解决 实际判定:二线根本解决"
"10000002","EN20130403460","100003","203","远信科技","程序判定：一线解决 实际判定:二线根本解决"
"10000002","EN20130403463","100003","203","远信科技","程序判定：一线解决 实际判定:二线根本解决"
"10000002","EN20130403468","100003","203","远信科技","程序判定：一线解决 实际判定:二线根本解决"
"10000002","EN20130403471","100003","203","远信科技","程序判定：一线解决 实际判定:二线根本解决"
"10000002","EN20130403472","100003","203","远信科技","程序判定：一线解决 实际判定:二线根本解决"
"10000002","EN20130403474","100003","203","远信科技","程序判定：一线解决 实际判定:二线根本解决"
"10000002","EN20130403475","100003","203","远信科技","程序判定：一线解决 实际判定:二线根本解决"
"10000002","EN20130403486","100003","203","远信科技","程序判定：一线解决 实际判定:二线根本解决"
"10000002","EN20130403493","100003","203","远信科技","程序判定：一线解决 实际判定:二线根本解决"
"10000002","EN20130403495","100003","203","远信科技","程序判定：一线解决 实际判定:二线根本解决"
"10000002","EN20130403496","100003","203","远信科技","程序判定：一线解决 实际判定:二线根本解决"
"10000002","EN20130403499","100003","203","远信科技","程序判定：一线解决 实际判定:二线根本解决"
"10000002","EN20130403504","100003","203","远信科技","程序判定：一线解决 实际判定:二线根本解决"
"10000002","EN20130403505","100003","203","远信科技","程序判定：一线解决 实际判定:二线根本解决"
"10000002","EN20130403506","100003","203","远信科技","程序判定：一线解决 实际判定:二线根本解决"
"10000002","EN20130403508","100003","203","远信科技","程序判定：一线解决 实际判定:二线根本解决"
"10000002","EN20130403509","100003","203","远信科技","程序判定：一线解决 实际判定:二线根本解决"
"10000002","EN20130403510","100003","203","远信科技","程序判定：一线解决 实际判定:二线根本解决"
"10000002","EN20130403514","100003","203","远信科技","程序判定：一线解决 实际判定:二线根本解决"
"10000002","EN20130403517","100003","203","远信科技","程序判定：一线解决 实际判定:二线根本解决"
"10000002","EN20130403518","100003","203","远信科技","程序判定：一线解决 实际判定:二线根本解决"
"10000002","EN20130403525","100003","203","远信科技","程序判定：一线解决 实际判定:二线根本解决"
"10000002","EN20130403533","100003","203","远信科技","程序判定：一线解决 实际判定:二线根本解决"
"10000002","EN20130403534","100003","203","远信科技","程序判定：一线解决 实际判定:二线根本解决"
"10000002","EN20130403537","100003","203","远信科技","程序判定：一线解决 实际判定:二线根本解决"
"10000002","EN20130403539","100003","203","远信科技","程序判定：一线解决 实际判定:二线根本解决"
"10000002","EN20130403540","100003","203","远信科技","程序判定：一线解决 实际判定:二线根本解决"
"10000002","EN20130403545","100003","203","远信科技","程序判定：一线解决 实际判定:二线根本解决"
"10000002","EN20130403549","100003","203","远信科技","程序判定：一线解决 实际判定:二线根本解决"
"10000002","EN20130403552","100003","203","远信科技","程序判定：一线解决 实际判定:二线根本解决"
"10000002","EN20130403553","100003","203","远信科技","程序判定：一线解决 实际判定:二线根本解决"
"10000002","EN20130403555","100003","203","远信科技","程序判定：一线解决 实际判定:二线根本解决"
"10000002","EN20130403557","100003","203","远信科技","程序判定：一线解决 实际判定:二线根本解决"
"10000002","EN20130403558","100003","203","远信科技","程序判定：一线解决 实际判定:二线根本解决"
"10000002","EN20130403560","100003","203","远信科技","程序判定：一线解决 实际判定:二线根本解决"
"10000002","EN20130403561","100003","203","远信科技","程序判定：一线解决 实际判定:二线根本解决"
"10000002","EN20130403563","100003","203","远信科技","程序判定：一线解决 实际判定:二线根本解决"
"10000002","EN20130403566","100003","203","远信科技","程序判定：一线解决 实际判定:二线根本解决"
"10000002","EN20130403567","100003","203","远信科技","程序判定：一线解决 实际判定:二线根本解决"
"10000002","EN20130403570","100003","203","远信科技","程序判定：一线解决 实际判定:二线根本解决"
"10000002","EN20130403572","100003","203","远信科技","程序判定：一线解决 实际判定:二线根本解决"
"10000002","EN20130403573","100003","203","远信科技","程序判定：一线解决 实际判定:二线根本解决"
"10000002","EN20130403574","100003","203","远信科技","程序判定：一线解决 实际判定:二线根本解决"
"10000002","EN20130403586","100003","203","远信科技","程序判定：一线解决 实际判定:二线根本解决"
"10000002","EN20130403589","100003","203","远信科技","程序判定：一线解决 实际判定:二线根本解决"
"10000002","EN20130403590","100003","203","远信科技","程序判定：一线解决 实际判定:二线根本解决"
"10000002","EN20130403592","100003","203","远信科技","程序判定：一线解决 实际判定:二线根本解决"
"10000002","EN20130403593","100003","203","远信科技","程序判定：一线解决 实际判定:二线根本解决"
"10000002","EN20130403596","100003","203","远信科技","程序判定：一线解决 实际判定:二线根本解决"
"10000002","EN20130403599","100003","203","远信科技","程序判定：一线解决 实际判定:二线根本解决"
"10000002","EN20130403602","100003","203","远信科技","程序判定：一线解决 实际判定:二线根本解决"
"10000002","EN20130407261","100003","203","远信科技","程序判定：一线解决 实际判定:二线根本解决"
"10000002","EN20130407273","100003","203","远信科技","程序判定：一线解决 实际判定:二线根本解决"
"10000002","EN20130407286","100003","203","远信科技","程序判定：一线解决 实际判定:二线根本解决"
"10000002","EN20130407293","100003","203","远信科技","程序判定：一线解决 实际判定:二线根本解决"
"10000002","EN20130407387","100003","203","远信科技","程序判定：一线解决 实际判定:二线根本解决"
"10000002","EN20130407396","100003","203","远信科技","程序判定：一线解决 实际判定:二线根本解决"
"10000002","EN20130407412","100003","203","远信科技","程序判定：一线解决 实际判定:二线根本解决"
"10000002","EN20130407447","100003","203","远信科技","程序判定：一线解决 实际判定:二线根本解决"
"10000002","EN20130407497","100003","203","远信科技","程序判定：一线解决 实际判定:二线根本解决"
"10000002","EN20130407512","100003","203","远信科技","程序判定：一线解决 实际判定:二线根本解决"
"10000002","EN20130407560","100003","203","远信科技","程序判定：一线解决 实际判定:二线根本解决"
"10000002","EN20130407591","100003","203","远信科技","程序判定：一线解决 实际判定:二线根本解决"
"10000002","EN20130407623","100003","203","远信科技","程序判定：一线解决 实际判定:二线根本解决"
"10000002","EN20130408044","100003","203","远信科技","程序判定：一线解决 实际判定:二线根本解决"
"10000002","EN20130408056","100003","203","远信科技","程序判定：一线解决 实际判定:二线根本解决"
"10000002","EN20130408066","100003","203","远信科技","程序判定：一线解决 实际判定:二线根本解决"
"10000002","EN20130408089","100003","203","远信科技","程序判定：一线解决 实际判定:二线根本解决"
"10000002","EN20130408090","100003","203","远信科技","程序判定：一线解决 实际判定:二线根本解决"
"10000002","EN20130408108","100003","203","远信科技","程序判定：一线解决 实际判定:二线根本解决"
"10000002","EN20130408207","100003","203","远信科技","程序判定：一线解决 实际判定:二线根本解决"
"10000002","EN20130408212","100003","203","远信科技","程序判定：一线解决 实际判定:二线根本解决"
"10000002","EN20130408217","100003","203","远信科技","程序判定：一线解决 实际判定:二线根本解决"
"10000002","EN20130408224","100003","203","远信科技","程序判定：一线解决 实际判定:二线根本解决"
"10000002","EN20130408229","100003","203","远信科技","程序判定：一线解决 实际判定:二线根本解决"
"10000002","EN20130408239","100003","203","远信科技","程序判定：一线解决 实际判定:二线根本解决"
"10000002","EN20130408249","100003","203","远信科技","程序判定：一线解决 实际判定:二线根本解决"
"10000002","EN20130408275","100003","203","远信科技","程序判定：一线解决 实际判定:二线根本解决"
"10000002","EN20130408328","100003","203","远信科技","程序判定：一线解决 实际判定:二线根本解决"
"10000002","EN20130408332","100003","203","远信科技","程序判定：一线解决 实际判定:二线根本解决"
"10000002","EN20130408452","100003","203","远信科技","程序判定：一线解决 实际判定:二线根本解决"
"10000002","EN20130408476","100003","203","远信科技","程序判定：一线解决 实际判定:二线根本解决"
"10000002","EN20130408505","100003","203","远信科技","程序判定：一线解决 实际判定:二线根本解决"
"10000002","EN20130408552","100003","203","远信科技","程序判定：一线解决 实际判定:二线根本解决"
"10000002","EN20130408562","100003","203","远信科技","程序判定：一线解决 实际判定:二线根本解决"
"10000002","EN20130408582","100003","203","远信科技","程序判定：一线解决 实际判定:二线根本解决"
"10000002","EN20130408640","100003","203","远信科技","程序判定：一线解决 实际判定:二线根本解决"
"10000002","EN20130408656","100003","203","远信科技","程序判定：一线解决 实际判定:二线根本解决"
"10000002","EN20130408659","100003","203","远信科技","程序判定：一线解决 实际判定:二线根本解决"
"10000002","EN20130408686","100003","203","远信科技","程序判定：一线解决 实际判定:二线根本解决"
"10000002","EN20130408688","100003","203","远信科技","程序判定：一线解决 实际判定:二线根本解决"
"10000002","EN20130408699","100003","203","远信科技","程序判定：一线解决 实际判定:二线根本解决"
"10000002","EN20130409042","100003","203","远信科技","程序判定：一线解决 实际判定:二线根本解决"
"10000002","EN20130409052","100003","203","远信科技","程序判定：一线解决 实际判定:二线根本解决"
"10000002","EN20130409077","100003","203","远信科技","程序判定：一线解决 实际判定:二线根本解决"
"10000002","EN20130409079","100003","203","远信科技","程序判定：一线解决 实际判定:二线根本解决"
"10000002","EN20130409108","100003","203","远信科技","程序判定：一线解决 实际判定:二线根本解决"
"10000002","EN20130409130","100003","203","远信科技","程序判定：一线解决 实际判定:二线根本解决"
"10000002","EN20130409131","100003","203","远信科技","程序判定：一线解决 实际判定:二线根本解决"
"10000002","EN20130409139","100003","203","远信科技","程序判定：一线解决 实际判定:二线根本解决"
"10000002","EN20130409141","100003","203","远信科技","程序判定：一线解决 实际判定:二线根本解决"
"10000002","EN20130409147","100003","203","远信科技","程序判定：一线解决 实际判定:二线根本解决"
"10000002","EN20130409149","100003","203","远信科技","程序判定：一线解决 实际判定:二线根本解决"
"10000002","EN20130409156","100003","203","远信科技","程序判定：一线解决 实际判定:二线根本解决"
"10000002","EN20130409162","100003","203","远信科技","程序判定：一线解决 实际判定:二线根本解决"
"10000002","EN20130409166","100003","203","远信科技","程序判定：一线解决 实际判定:二线根本解决"
"10000002","EN20130409167","100003","203","远信科技","程序判定：一线解决 实际判定:二线根本解决"
"10000002","EN20130409168","100003","203","远信科技","程序判定：一线解决 实际判定:二线根本解决"
"10000002","EN20130409183","100003","203","远信科技","程序判定：一线解决 实际判定:二线根本解决"
"10000002","EN20130409189","100003","203","远信科技","程序判定：一线解决 实际判定:二线根本解决"
"10000002","EN20130409193","100003","203","远信科技","程序判定：一线解决 实际判定:二线根本解决"
"10000002","EN20130409195","100003","203","远信科技","程序判定：一线解决 实际判定:二线根本解决"
"10000002","EN20130409196","100003","203","远信科技","程序判定：一线解决 实际判定:二线根本解决"
"10000002","EN20130409197","100003","203","远信科技","程序判定：一线解决 实际判定:二线根本解决"
"10000002","EN20130409202","100003","203","远信科技","程序判定：一线解决 实际判定:二线根本解决"
"10000002","EN20130409204","100003","203","远信科技","程序判定：一线解决 实际判定:二线根本解决"
"10000002","EN20130409208","100003","203","远信科技","程序判定：一线解决 实际判定:二线根本解决"
"10000002","EN20130409209","100003","203","远信科技","程序判定：一线解决 实际判定:二线根本解决"
"10000002","EN20130409213","100003","203","远信科技","程序判定：一线解决 实际判定:二线根本解决"
"10000002","EN20130409218","100003","203","远信科技","程序判定：一线解决 实际判定:二线根本解决"
"10000002","EN20130409226","100003","203","远信科技","程序判定：一线解决 实际判定:二线根本解决"
"10000002","EN20130409232","100003","203","远信科技","程序判定：一线解决 实际判定:二线根本解决"
"10000002","EN20130409239","100003","203","远信科技","程序判定：一线解决 实际判定:二线根本解决"
"10000002","EN20130409245","100003","203","远信科技","程序判定：一线解决 实际判定:二线根本解决"
"10000002","EN20130409246","100003","203","远信科技","程序判定：一线解决 实际判定:二线根本解决"
"10000002","EN20130409252","100003","203","远信科技","程序判定：一线解决 实际判定:二线根本解决"
"10000002","EN20130409254","100003","203","远信科技","程序判定：一线解决 实际判定:二线根本解决"
"10000002","EN20130409259","100003","203","远信科技","程序判定：一线解决 实际判定:二线根本解决"
"10000002","EN20130409265","100003","203","远信科技","程序判定：一线解决 实际判定:二线根本解决"
"10000002","EN20130409270","100003","203","远信科技","程序判定：一线解决 实际判定:二线根本解决"
"10000002","EN20130409274","100003","203","远信科技","程序判定：一线解决 实际判定:二线根本解决"
"10000002","EN20130409276","100003","203","远信科技","程序判定：一线解决 实际判定:二线根本解决"
"10000002","EN20130409278","100003","203","远信科技","程序判定：一线解决 实际判定:二线根本解决"
"10000002","EN20130409279","100003","203","远信科技","程序判定：一线解决 实际判定:二线根本解决"
"10000002","EN20130409286","100003","203","远信科技","程序判定：一线解决 实际判定:二线根本解决"
"10000002","EN20130409292","100003","203","远信科技","程序判定：一线解决 实际判定:二线根本解决"
"10000002","EN20130409306","100003","203","远信科技","程序判定：一线解决 实际判定:二线根本解决"
"10000002","EN20130410166","100003","203","远信科技","程序判定：一线解决 实际判定:二线根本解决"
"10000002","EN20130410458","100003","203","远信科技","程序判定：一线解决 实际判定:二线根本解决"
"10000002","EN20130410463","100003","203","远信科技","程序判定：一线解决 实际判定:二线根本解决"
"10000002","EN20130410707","100010","203","远信科技","程序判定：一线解决 实际判定:可忽略（作废工单）"
"10000002","EN20130411080","100003","203","远信科技","程序判定：一线解决 实际判定:二线根本解决"
"10000002","EN20130411152","100003","203","远信科技","程序判定：一线解决 实际判定:二线根本解决"
"10000002","EN20130411615","100003","203","远信科技","程序判定：一线解决 实际判定:二线根本解决"
"10000002","EN20130412082","100003","203","远信科技","程序判定：一线解决 实际判定:二线根本解决"
"10000002","EN20130412123","100003","203","远信科技","程序判定：一线解决 实际判定:二线根本解决"
"10000002","EN20130412125","100003","203","远信科技","程序判定：一线解决 实际判定:二线根本解决"
"10000002","EN20130412153","100003","203","远信科技","程序判定：一线解决 实际判定:二线根本解决"
"10000002","EN20130412157","100003","203","远信科技","程序判定：一线解决 实际判定:二线根本解决"
"10000002","EN20130412160","100003","203","远信科技","程序判定：一线解决 实际判定:二线根本解决"
"10000002","EN20130412161","100003","203","远信科技","程序判定：一线解决 实际判定:二线根本解决"
"10000002","EN20130412164","100003","203","远信科技","程序判定：一线解决 实际判定:二线根本解决"
"10000002","EN20130412177","100003","203","远信科技","程序判定：一线解决 实际判定:二线根本解决"
"10000002","EN20130412180","100003","203","远信科技","程序判定：一线解决 实际判定:二线根本解决"
"10000002","EN20130412183","100003","203","远信科技","程序判定：一线解决 实际判定:二线根本解决"
"10000002","EN20130412194","100003","203","远信科技","程序判定：一线解决 实际判定:二线根本解决"
"10000002","EN20130412195","100003","203","远信科技","程序判定：一线解决 实际判定:二线根本解决"
"10000002","EN20130412197","100003","203","远信科技","程序判定：一线解决 实际判定:二线根本解决"
"10000002","EN20130412198","100003","203","远信科技","程序判定：一线解决 实际判定:二线根本解决"
"10000002","EN20130412200","100003","203","远信科技","程序判定：一线解决 实际判定:二线根本解决"
"10000002","EN20130412201","100003","203","远信科技","程序判定：一线解决 实际判定:二线根本解决"
"10000002","EN20130412208","100003","203","远信科技","程序判定：一线解决 实际判定:二线根本解决"
"10000002","EN20130412218","100003","203","远信科技","程序判定：一线解决 实际判定:二线根本解决"
"10000002","EN20130412224","100003","203","远信科技","程序判定：一线解决 实际判定:二线根本解决"
"10000002","EN20130412239","100003","203","远信科技","程序判定：一线解决 实际判定:二线根本解决"
"10000002","EN20130412246","100003","203","远信科技","程序判定：一线解决 实际判定:二线根本解决"
"10000002","EN20130412259","100003","203","远信科技","程序判定：一线解决 实际判定:二线根本解决"
"10000002","EN20130412261","100003","203","远信科技","程序判定：一线解决 实际判定:二线根本解决"
"10000002","EN20130412274","100003","203","远信科技","程序判定：一线解决 实际判定:二线根本解决"
"10000002","EN20130412276","100003","203","远信科技","程序判定：一线解决 实际判定:二线根本解决"
"10000002","EN20130412280","100003","203","远信科技","程序判定：一线解决 实际判定:二线根本解决"
"10000002","EN20130412282","100003","203","远信科技","程序判定：一线解决 实际判定:二线根本解决"
"10000002","EN20130412283","100003","203","远信科技","程序判定：一线解决 实际判定:二线根本解决"
"10000002","EN20130412284","100003","203","远信科技","程序判定：一线解决 实际判定:二线根本解决"
"10000002","EN20130412289","100003","203","远信科技","程序判定：一线解决 实际判定:二线根本解决"
"10000002","EN20130412292","100003","203","远信科技","程序判定：一线解决 实际判定:二线根本解决"
"10000002","EN20130412293","100003","203","远信科技","程序判定：一线解决 实际判定:二线根本解决"
"10000002","EN20130412294","100003","203","远信科技","程序判定：一线解决 实际判定:二线根本解决"
"10000002","EN20130412296","100003","203","远信科技","程序判定：一线解决 实际判定:二线根本解决"
"10000002","EN20130412297","100003","203","远信科技","程序判定：一线解决 实际判定:二线根本解决"
"10000002","EN20130412300","100003","203","远信科技","程序判定：一线解决 实际判定:二线根本解决"
"10000002","EN20130412302","100003","203","远信科技","程序判定：一线解决 实际判定:二线根本解决"
"10000002","EN20130412305","100003","203","远信科技","程序判定：一线解决 实际判定:二线根本解决"
"10000002","EN20130412308","100003","203","远信科技","程序判定：一线解决 实际判定:二线根本解决"
"10000002","EN20130412309","100003","203","远信科技","程序判定：一线解决 实际判定:二线根本解决"
"10000002","EN20130412314","100003","203","远信科技","程序判定：一线解决 实际判定:二线根本解决"
"10000002","EN20130412318","100003","203","远信科技","程序判定：一线解决 实际判定:二线根本解决"
"10000002","EN20130412322","100003","203","远信科技","程序判定：一线解决 实际判定:二线根本解决"
"10000002","EN20130412325","100003","203","远信科技","程序判定：一线解决 实际判定:二线根本解决"
"10000002","EN20130415065","100003","203","远信科技","程序判定：一线解决 实际判定:二线根本解决"
"10000002","EN20130415506","100003","203","远信科技","程序判定：一线解决 实际判定:二线根本解决"
"10000002","EN20130415573","100003","203","远信科技","程序判定：一线解决 实际判定:二线根本解决"
"10000002","EN20130415588","100003","203","远信科技","程序判定：一线解决 实际判定:二线根本解决"
"10000002","EN20130415594","100003","203","远信科技","程序判定：一线解决 实际判定:二线根本解决"
"10000002","EN20130415626","100003","203","远信科技","程序判定：一线解决 实际判定:二线根本解决"
"10000002","EN20130415705","100003","203","远信科技","程序判定：一线解决 实际判定:二线根本解决"
"10000002","EN20130415737","100003","203","远信科技","程序判定：一线解决 实际判定:二线根本解决"
"10000002","EN20130416022","100003","203","远信科技","程序判定：一线解决 实际判定:二线根本解决"
"10000002","EN20130416040","100003","203","远信科技","程序判定：一线解决 实际判定:二线根本解决"
"10000002","EN20130416045","100003","203","远信科技","程序判定：一线解决 实际判定:二线根本解决"
"10000002","EN20130416048","100003","203","远信科技","程序判定：一线解决 实际判定:二线根本解决"
"10000002","EN20130416050","100003","203","远信科技","程序判定：一线解决 实际判定:二线根本解决"
"10000002","EN20130416068","100003","203","远信科技","程序判定：一线解决 实际判定:二线根本解决"
"10000002","EN20130416072","100003","203","远信科技","程序判定：一线解决 实际判定:二线根本解决"
"10000002","EN20130416086","100003","203","远信科技","程序判定：一线解决 实际判定:二线根本解决"
"10000002","EN20130416095","100003","203","远信科技","程序判定：一线解决 实际判定:二线根本解决"
"10000002","EN20130416098","100003","203","远信科技","程序判定：一线解决 实际判定:二线根本解决"
"10000002","EN20130416109","100003","203","远信科技","程序判定：一线解决 实际判定:二线根本解决"
"10000002","EN20130416114","100003","203","远信科技","程序判定：一线解决 实际判定:二线根本解决"
"10000002","EN20130416117","100003","203","远信科技","程序判定：一线解决 实际判定:二线根本解决"
"10000002","EN20130416123","100003","203","远信科技","程序判定：一线解决 实际判定:二线根本解决"
"10000002","EN20130416129","100003","203","远信科技","程序判定：一线解决 实际判定:二线根本解决"
"10000002","EN20130416159","100003","203","远信科技","程序判定：一线解决 实际判定:二线根本解决"
"10000002","EN20130416160","100003","203","远信科技","程序判定：一线解决 实际判定:二线根本解决"
"10000002","EN20130416161","100003","203","远信科技","程序判定：一线解决 实际判定:二线根本解决"
"10000002","EN20130416166","100003","203","远信科技","程序判定：一线解决 实际判定:二线根本解决"
"10000002","EN20130416198","100003","203","远信科技","程序判定：一线解决 实际判定:二线根本解决"
"10000002","EN20130416200","100003","203","远信科技","程序判定：一线解决 实际判定:二线根本解决"
"10000002","EN20130416246","100003","203","远信科技","程序判定：一线解决 实际判定:二线根本解决"
"10000002","EN20130416287","100003","203","远信科技","程序判定：一线解决 实际判定:二线根本解决"
"10000002","EN20130416288","100003","203","远信科技","程序判定：一线解决 实际判定:二线根本解决"
"10000002","EN20130416296","100003","203","远信科技","程序判定：一线解决 实际判定:二线根本解决"
"10000002","EN20130416330","100003","203","远信科技","程序判定：一线解决 实际判定:二线根本解决"
"10000002","EN20130416334","100003","203","远信科技","程序判定：一线解决 实际判定:二线根本解决"
"10000002","EN20130416346","100003","203","远信科技","程序判定：一线解决 实际判定:二线根本解决"
"10000002","EN20130416352","100003","203","远信科技","程序判定：一线解决 实际判定:二线根本解决"
"10000002","EN20130416359","100003","203","远信科技","程序判定：一线解决 实际判定:二线根本解决"
"10000002","EN20130416396","100003","203","远信科技","程序判定：一线解决 实际判定:二线根本解决"
"10000002","EN20130416399","100003","203","远信科技","程序判定：一线解决 实际判定:二线根本解决"
"10000002","EN20130416407","100003","203","远信科技","程序判定：一线解决 实际判定:二线根本解决"
"10000002","EN20130416410","100003","203","远信科技","程序判定：一线解决 实际判定:二线根本解决"
"10000002","EN20130416420","100003","203","远信科技","程序判定：一线解决 实际判定:二线根本解决"
"10000002","EN20130416421","100003","203","远信科技","程序判定：一线解决 实际判定:二线根本解决"
"10000002","EN20130416422","100003","203","远信科技","程序判定：一线解决 实际判定:二线根本解决"
"10000002","EN20130416433","100003","203","远信科技","程序判定：一线解决 实际判定:二线根本解决"
"10000002","EN20130416439","100003","203","远信科技","程序判定：一线解决 实际判定:二线根本解决"
"10000002","EN20130416453","100003","203","远信科技","程序判定：一线解决 实际判定:二线根本解决"
"10000002","EN20130416459","100003","203","远信科技","程序判定：一线解决 实际判定:二线根本解决"
"10000002","EN20130416460","100003","203","远信科技","程序判定：一线解决 实际判定:二线根本解决"
"10000002","EN20130416468","100003","203","远信科技","程序判定：一线解决 实际判定:二线根本解决"
"10000002","EN20130416480","100003","203","远信科技","程序判定：一线解决 实际判定:二线根本解决"
"10000002","EN20130416481","100003","203","远信科技","程序判定：一线解决 实际判定:二线根本解决"
"10000002","EN20130416483","100003","203","远信科技","程序判定：一线解决 实际判定:二线根本解决"
"10000002","EN20130416493","100003","203","远信科技","程序判定：一线解决 实际判定:二线根本解决"
"10000002","EN20130416498","100003","203","远信科技","程序判定：一线解决 实际判定:二线根本解决"
"10000002","EN20130416499","100003","203","远信科技","程序判定：一线解决 实际判定:二线根本解决"
"10000002","EN20130416500","100003","203","远信科技","程序判定：一线解决 实际判定:二线根本解决"
"10000002","EN20130416501","100003","203","远信科技","程序判定：一线解决 实际判定:二线根本解决"
"10000002","EN20130416504","100003","203","远信科技","程序判定：一线解决 实际判定:二线根本解决"
"10000002","EN20130416507","100003","203","远信科技","程序判定：一线解决 实际判定:二线根本解决"
"10000002","EN20130416519","100003","203","远信科技","程序判定：一线解决 实际判定:二线根本解决"
"10000002","EN20130416521","100003","203","远信科技","程序判定：一线解决 实际判定:二线根本解决"
"10000002","EN20130416524","100003","203","远信科技","程序判定：一线解决 实际判定:二线根本解决"
"10000002","EN20130416527","100003","203","远信科技","程序判定：一线解决 实际判定:二线根本解决"
"10000002","EN20130416528","100003","203","远信科技","程序判定：一线解决 实际判定:二线根本解决"
"10000002","EN20130416540","100003","203","远信科技","程序判定：一线解决 实际判定:二线根本解决"
"10000002","EN20130416541","100003","203","远信科技","程序判定：一线解决 实际判定:二线根本解决"
"10000002","EN20130416546","100003","203","远信科技","程序判定：一线解决 实际判定:二线根本解决"
"10000002","EN20130416547","100003","203","远信科技","程序判定：一线解决 实际判定:二线根本解决"
"10000002","EN20130416548","100003","203","远信科技","程序判定：一线解决 实际判定:二线根本解决"
"10000002","EN20130416551","100003","203","远信科技","程序判定：一线解决 实际判定:二线根本解决"
"10000002","EN20130416553","100003","203","远信科技","程序判定：一线解决 实际判定:二线根本解决"
"10000002","EN20130416556","100003","203","远信科技","程序判定：一线解决 实际判定:二线根本解决"
"10000002","EN20130416559","100003","203","远信科技","程序判定：一线解决 实际判定:二线根本解决"
"10000002","EN20130416561","100003","203","远信科技","程序判定：一线解决 实际判定:二线根本解决"
"10000002","EN20130416562","100003","203","远信科技","程序判定：一线解决 实际判定:二线根本解决"
"10000002","EN20130416563","100003","203","远信科技","程序判定：一线解决 实际判定:二线根本解决"
"10000002","EN20130416565","100003","203","远信科技","程序判定：一线解决 实际判定:二线根本解决"
"10000002","EN20130416566","100003","203","远信科技","程序判定：一线解决 实际判定:二线根本解决"
"10000002","EN20130416574","100003","203","远信科技","程序判定：一线解决 实际判定:二线根本解决"
"10000002","EN20130416580","100003","203","远信科技","程序判定：一线解决 实际判定:二线根本解决"
"10000002","EN20130416583","100003","203","远信科技","程序判定：一线解决 实际判定:二线根本解决"
"10000002","EN20130416584","100003","203","远信科技","程序判定：一线解决 实际判定:二线根本解决"
"10000002","EN20130416590","100003","203","远信科技","程序判定：一线解决 实际判定:二线根本解决"
"10000002","EN20130416598","100003","203","远信科技","程序判定：一线解决 实际判定:二线根本解决"
"10000002","EN20130416602","100003","203","远信科技","程序判定：一线解决 实际判定:二线根本解决"
"10000002","EN20130416607","100003","203","远信科技","程序判定：一线解决 实际判定:二线根本解决"
"10000002","EN20130416614","100003","203","远信科技","程序判定：一线解决 实际判定:二线根本解决"
"10000002","EN20130416616","100003","203","远信科技","程序判定：一线解决 实际判定:二线根本解决"
"10000002","EN20130416618","100003","203","远信科技","程序判定：一线解决 实际判定:二线根本解决"
"10000002","EN20130416621","100003","203","远信科技","程序判定：一线解决 实际判定:二线根本解决"
"10000002","EN20130416622","100003","203","远信科技","程序判定：一线解决 实际判定:二线根本解决"
"10000002","EN20130416624","100003","203","远信科技","程序判定：一线解决 实际判定:二线根本解决"
"10000002","EN20130416625","100003","203","远信科技","程序判定：一线解决 实际判定:二线根本解决"
"10000002","EN20130416628","100003","203","远信科技","程序判定：一线解决 实际判定:二线根本解决"
"10000002","EN20130416630","100003","203","远信科技","程序判定：一线解决 实际判定:二线根本解决"
"10000002","EN20130416631","100003","203","远信科技","程序判定：一线解决 实际判定:二线根本解决"
"10000002","EN20130416633","100003","203","远信科技","程序判定：一线解决 实际判定:二线根本解决"
"10000002","EN20130416635","100003","203","远信科技","程序判定：一线解决 实际判定:二线根本解决"
"10000002","EN20130416638","100003","203","远信科技","程序判定：一线解决 实际判定:二线根本解决"
"10000002","EN20130416640","100003","203","远信科技","程序判定：一线解决 实际判定:二线根本解决"
"10000002","EN20130416644","100003","203","远信科技","程序判定：一线解决 实际判定:二线根本解决"
"10000002","EN20130416657","100003","203","远信科技","程序判定：一线解决 实际判定:二线根本解决"
"10000002","EN20130417002","100003","203","远信科技","程序判定：一线解决 实际判定:二线根本解决"
"10000002","EN20130417004","100003","203","远信科技","程序判定：一线解决 实际判定:二线根本解决"
"10000002","EN20130417005","100003","203","远信科技","程序判定：一线解决 实际判定:二线根本解决"
"10000002","EN20130417016","100003","203","远信科技","程序判定：一线解决 实际判定:二线根本解决"
"10000002","EN20130417018","100003","203","远信科技","程序判定：一线解决 实际判定:二线根本解决"
"10000002","EN20130417031","100003","203","远信科技","程序判定：一线解决 实际判定:二线根本解决"
"10000002","EN20130417033","100003","203","远信科技","程序判定：一线解决 实际判定:二线根本解决"
"10000002","EN20130417035","100003","203","远信科技","程序判定：一线解决 实际判定:二线根本解决"
"10000002","EN20130417043","100003","203","远信科技","程序判定：一线解决 实际判定:二线根本解决"
"10000002","EN20130417060","100003","203","远信科技","程序判定：一线解决 实际判定:二线根本解决"
"10000002","EN20130417061","100003","203","远信科技","程序判定：一线解决 实际判定:二线根本解决"
"10000002","EN20130417062","100003","203","远信科技","程序判定：一线解决 实际判定:二线根本解决"
"10000002","EN20130417066","100003","203","远信科技","程序判定：一线解决 实际判定:二线根本解决"
"10000002","EN20130417069","100003","203","远信科技","程序判定：一线解决 实际判定:二线根本解决"
"10000002","EN20130417070","100003","203","远信科技","程序判定：一线解决 实际判定:二线根本解决"
"10000002","EN20130417074","100003","203","远信科技","程序判定：一线解决 实际判定:二线根本解决"
"10000002","EN20130417076","100003","203","远信科技","程序判定：一线解决 实际判定:二线根本解决"
"10000002","EN20130417077","100003","203","远信科技","程序判定：一线解决 实际判定:二线根本解决"
"10000002","EN20130417078","100003","203","远信科技","程序判定：一线解决 实际判定:二线根本解决"
"10000002","EN20130417081","100003","203","远信科技","程序判定：一线解决 实际判定:二线根本解决"
"10000002","EN20130417083","100003","203","远信科技","程序判定：一线解决 实际判定:二线根本解决"
"10000002","EN20130417085","100003","203","远信科技","程序判定：一线解决 实际判定:二线根本解决"
"10000002","EN20130417091","100003","203","远信科技","程序判定：一线解决 实际判定:二线根本解决"
"10000002","EN20130417092","100003","203","远信科技","程序判定：一线解决 实际判定:二线根本解决"
"10000002","EN20130417097","100003","203","远信科技","程序判定：一线解决 实际判定:二线根本解决"
"10000002","EN20130417100","100003","203","远信科技","程序判定：一线解决 实际判定:二线根本解决"
"10000002","EN20130417106","100003","203","远信科技","程序判定：一线解决 实际判定:二线根本解决"
"10000002","EN20130417107","100003","203","远信科技","程序判定：一线解决 实际判定:二线根本解决"
"10000002","EN20130417118","100003","203","远信科技","程序判定：一线解决 实际判定:二线根本解决"
"10000002","EN20130417122","100003","203","远信科技","程序判定：一线解决 实际判定:二线根本解决"
"10000002","EN20130417123","100003","203","远信科技","程序判定：一线解决 实际判定:二线根本解决"
"10000002","EN20130417124","100003","203","远信科技","程序判定：一线解决 实际判定:二线根本解决"
"10000002","EN20130417125","100003","203","远信科技","程序判定：一线解决 实际判定:二线根本解决"
"10000002","EN20130417126","100003","203","远信科技","程序判定：一线解决 实际判定:二线根本解决"
"10000002","EN20130417128","100003","203","远信科技","程序判定：一线解决 实际判定:二线根本解决"
"10000002","EN20130417132","100003","203","远信科技","程序判定：一线解决 实际判定:二线根本解决"
"10000002","EN20130417133","100003","203","远信科技","程序判定：一线解决 实际判定:二线根本解决"
"10000002","EN20130417135","100003","203","远信科技","程序判定：一线解决 实际判定:二线根本解决"
"10000002","EN20130417139","100003","203","远信科技","程序判定：一线解决 实际判定:二线根本解决"
"10000002","EN20130417142","100003","203","远信科技","程序判定：一线解决 实际判定:二线根本解决"
"10000002","EN20130417146","100003","203","远信科技","程序判定：一线解决 实际判定:二线根本解决"
"10000002","EN20130417150","100003","203","远信科技","程序判定：一线解决 实际判定:二线根本解决"
"10000002","EN20130417155","100003","203","远信科技","程序判定：一线解决 实际判定:二线根本解决"
"10000002","EN20130417177","100003","203","远信科技","程序判定：一线解决 实际判定:二线根本解决"
"10000002","EN20130417183","100003","203","远信科技","程序判定：一线解决 实际判定:二线根本解决"
"10000002","EN20130417244","100003","203","远信科技","程序判定：一线解决 实际判定:二线根本解决"
"10000002","EN20130417290","100003","203","远信科技","程序判定：一线解决 实际判定:二线根本解决"
"10000002","EN20130417379","100003","203","远信科技","程序判定：一线解决 实际判定:二线根本解决"
"10000002","EN20130417434","100003","203","远信科技","程序判定：一线解决 实际判定:二线根本解决"
"10000002","EN20130418395","100003","203","远信科技","程序判定：一线解决 实际判定:二线根本解决"
"10000002","EN20130419266","100010","203","远信科技","程序判定：一线解决 实际判定:可忽略（作废工单）"
"10000002","EN20130422295","100003","203","远信科技","程序判定：一线解决 实际判定:二线根本解决"
"10000002","EN20130423313","100003","203","远信科技","程序判定：一线解决 实际判定:二线根本解决"
"10000002","EN20130423446","100003","203","远信科技","程序判定：一线解决 实际判定:二线根本解决"
"10000002","EN20130423468","100003","203","远信科技","程序判定：一线解决 实际判定:二线根本解决"
"10000002","EN20130424003","100003","203","远信科技","程序判定：一线解决 实际判定:二线根本解决"
"10000002","EN20130424008","100003","203","远信科技","程序判定：一线解决 实际判定:二线根本解决"
"10000002","EN20130424074","100003","203","远信科技","程序判定：一线解决 实际判定:二线根本解决"
"10000002","EN20130424117","100003","203","远信科技","程序判定：一线解决 实际判定:二线根本解决"
"10000002","EN20130424139","100003","203","远信科技","程序判定：一线解决 实际判定:二线根本解决"
"10000002","EN20130424214","100003","203","远信科技","程序判定：一线解决 实际判定:二线根本解决"
"10000002","EN20130424261","100003","203","远信科技","程序判定：一线解决 实际判定:二线根本解决"
"10000002","EN20130424269","100003","203","远信科技","程序判定：一线解决 实际判定:二线根本解决"
"10000002","EN20130424271","100003","203","远信科技","程序判定：一线解决 实际判定:二线根本解决"
"10000002","EN20130424272","100003","203","远信科技","程序判定：一线解决 实际判定:二线根本解决"
"10000002","EN20130424273","100003","203","远信科技","程序判定：一线解决 实际判定:二线根本解决"
"10000002","EN20130424278","100003","203","远信科技","程序判定：一线解决 实际判定:二线根本解决"
"10000002","EN20130424289","100003","203","远信科技","程序判定：一线解决 实际判定:二线根本解决"
"10000002","EN20130424294","100003","203","远信科技","程序判定：一线解决 实际判定:二线根本解决"
"10000002","EN20130424296","100003","203","远信科技","程序判定：一线解决 实际判定:二线根本解决"
"10000002","EN20130424298","100003","203","远信科技","程序判定：一线解决 实际判定:二线根本解决"
"10000002","EN20130424299","100003","203","远信科技","程序判定：一线解决 实际判定:二线根本解决"
"10000002","EN20130424302","100003","203","远信科技","程序判定：一线解决 实际判定:二线根本解决"
"10000002","EN20130424305","100003","203","远信科技","程序判定：一线解决 实际判定:二线根本解决"
"10000002","EN20130424315","100003","203","远信科技","程序判定：一线解决 实际判定:二线根本解决"
"10000002","EN20130424320","100003","203","远信科技","程序判定：一线解决 实际判定:二线根本解决"
"10000002","EN20130424322","100003","203","远信科技","程序判定：一线解决 实际判定:二线根本解决"
"10000002","EN20130424323","100003","203","远信科技","程序判定：一线解决 实际判定:二线根本解决"
"10000002","EN20130424332","100003","203","远信科技","程序判定：一线解决 实际判定:二线根本解决"
"10000002","EN20130424334","100003","203","远信科技","程序判定：一线解决 实际判定:二线根本解决"
"10000002","EN20130424335","100003","203","远信科技","程序判定：一线解决 实际判定:二线根本解决"
"10000002","EN20130424339","100003","203","远信科技","程序判定：一线解决 实际判定:二线根本解决"
"10000002","EN20130424341","100003","203","远信科技","程序判定：一线解决 实际判定:二线根本解决"
"10000002","EN20130424342","100003","203","远信科技","程序判定：一线解决 实际判定:二线根本解决"
"10000002","EN20130424346","100003","203","远信科技","程序判定：一线解决 实际判定:二线根本解决"
"10000002","EN20130424347","100003","203","远信科技","程序判定：一线解决 实际判定:二线根本解决"
"10000002","EN20130424351","100003","203","远信科技","程序判定：一线解决 实际判定:二线根本解决"
"10000002","EN20130424353","100003","203","远信科技","程序判定：一线解决 实际判定:二线根本解决"
"10000002","EN20130424354","100003","203","远信科技","程序判定：一线解决 实际判定:二线根本解决"
"10000002","EN20130424355","100003","203","远信科技","程序判定：一线解决 实际判定:二线根本解决"
"10000002","EN20130424356","100003","203","远信科技","程序判定：一线解决 实际判定:二线根本解决"
"10000002","EN20130424359","100003","203","远信科技","程序判定：一线解决 实际判定:二线根本解决"
"10000002","EN20130424362","100003","203","远信科技","程序判定：一线解决 实际判定:二线根本解决"
"10000002","EN20130424365","100003","203","远信科技","程序判定：一线解决 实际判定:二线根本解决"
"10000002","EN20130424366","100003","203","远信科技","程序判定：一线解决 实际判定:二线根本解决"
"10000002","EN20130424368","100003","203","远信科技","程序判定：一线解决 实际判定:二线根本解决"
"10000002","EN20130424372","100003","203","远信科技","程序判定：一线解决 实际判定:二线根本解决"
"10000002","EN20130424374","100003","203","远信科技","程序判定：一线解决 实际判定:二线根本解决"
"10000002","EN20130424375","100003","203","远信科技","程序判定：一线解决 实际判定:二线根本解决"
"10000002","EN20130424376","100003","203","远信科技","程序判定：一线解决 实际判定:二线根本解决"
"10000002","EN20130424378","100003","203","远信科技","程序判定：一线解决 实际判定:二线根本解决"
"10000002","EN20130424379","100003","203","远信科技","程序判定：一线解决 实际判定:二线根本解决"
"10000002","EN20130424380","100003","203","远信科技","程序判定：一线解决 实际判定:二线根本解决"
"10000002","EN20130424382","100003","203","远信科技","程序判定：一线解决 实际判定:二线根本解决"
"10000002","EN20130424392","100003","203","远信科技","程序判定：一线解决 实际判定:二线根本解决"
"10000002","EN20130424397","100003","203","远信科技","程序判定：一线解决 实际判定:二线根本解决"
"10000002","EN20130424398","100003","203","远信科技","程序判定：一线解决 实际判定:二线根本解决"
"10000002","EN20130424401","100003","203","远信科技","程序判定：一线解决 实际判定:二线根本解决"
"10000002","EN20130424408","100003","203","远信科技","程序判定：一线解决 实际判定:二线根本解决"
"10000002","EN20130424411","100003","203","远信科技","程序判定：一线解决 实际判定:二线根本解决"
"10000002","EN20130424413","100003","203","远信科技","程序判定：一线解决 实际判定:二线根本解决"
"10000002","EN20130424414","100003","203","远信科技","程序判定：一线解决 实际判定:二线根本解决"
"10000002","EN20130424416","100003","203","远信科技","程序判定：一线解决 实际判定:二线根本解决"
"10000002","EN20130424422","100003","203","远信科技","程序判定：一线解决 实际判定:二线根本解决"
"10000002","EN20130424440","100003","203","远信科技","程序判定：一线解决 实际判定:二线根本解决"
"10000002","EN20130424443","100003","203","远信科技","程序判定：一线解决 实际判定:二线根本解决"
"10000002","EN20130424445","100003","203","远信科技","程序判定：一线解决 实际判定:二线根本解决"
"10000002","EN20130424448","100003","203","远信科技","程序判定：一线解决 实际判定:二线根本解决"
"10000002","EN20130424449","100003","203","远信科技","程序判定：一线解决 实际判定:二线根本解决"
"10000002","EN20130424451","100003","203","远信科技","程序判定：一线解决 实际判定:二线根本解决"
"10000002","EN20130424455","100003","203","远信科技","程序判定：一线解决 实际判定:二线根本解决"
"10000002","EN20130424457","100003","203","远信科技","程序判定：一线解决 实际判定:二线根本解决"
"10000002","EN20130424464","100003","203","远信科技","程序判定：一线解决 实际判定:二线根本解决"
"10000002","EN20130424465","100003","203","远信科技","程序判定：一线解决 实际判定:二线根本解决"
"10000002","EN20130424473","100003","203","远信科技","程序判定：一线解决 实际判定:二线根本解决"
"10000002","EN20130424476","100003","203","远信科技","程序判定：一线解决 实际判定:二线根本解决"
"10000002","EN20130424477","100003","203","远信科技","程序判定：一线解决 实际判定:二线根本解决"
"10000002","EN20130424483","100003","203","远信科技","程序判定：一线解决 实际判定:二线根本解决"
"10000002","EN20130424484","100003","203","远信科技","程序判定：一线解决 实际判定:二线根本解决"
"10000002","EN20130424485","100003","203","远信科技","程序判定：一线解决 实际判定:二线根本解决"
"10000002","EN20130424488","100003","203","远信科技","程序判定：一线解决 实际判定:二线根本解决"
"10000002","EN20130424491","100003","203","远信科技","程序判定：一线解决 实际判定:二线根本解决"
"10000002","EN20130424494","100003","203","远信科技","程序判定：一线解决 实际判定:二线根本解决"
"10000002","EN20130424498","100003","203","远信科技","程序判定：一线解决 实际判定:二线根本解决"
"10000002","EN20130424506","100003","203","远信科技","程序判定：一线解决 实际判定:二线根本解决"
"10000002","EN20130424507","100003","203","远信科技","程序判定：一线解决 实际判定:二线根本解决"
"10000002","EN20130424509","100003","203","远信科技","程序判定：一线解决 实际判定:二线根本解决"
"10000002","EN20130424512","100003","203","远信科技","程序判定：一线解决 实际判定:二线根本解决"
"10000002","EN20130424513","100003","203","远信科技","程序判定：一线解决 实际判定:二线根本解决"
"10000002","EN20130424522","100003","203","远信科技","程序判定：一线解决 实际判定:二线根本解决"
"10000002","EN20130424523","100003","203","远信科技","程序判定：一线解决 实际判定:二线根本解决"
"10000002","EN20130424526","100003","203","远信科技","程序判定：一线解决 实际判定:二线根本解决"
"10000002","EN20130424527","100003","203","远信科技","程序判定：一线解决 实际判定:二线根本解决"
"10000002","EN20130424532","100003","203","远信科技","程序判定：一线解决 实际判定:二线根本解决"
"10000002","EN20130425004","100003","203","远信科技","程序判定：一线解决 实际判定:二线根本解决"
"10000002","EN20130425007","100003","203","远信科技","程序判定：一线解决 实际判定:二线根本解决"
"10000002","EN20130425014","100003","203","远信科技","程序判定：一线解决 实际判定:二线根本解决"
"10000002","EN20130425018","100003","203","远信科技","程序判定：一线解决 实际判定:二线根本解决"
"10000002","EN20130425019","100003","203","远信科技","程序判定：一线解决 实际判定:二线根本解决"
"10000002","EN20130425022","100003","203","远信科技","程序判定：一线解决 实际判定:二线根本解决"
"10000002","EN20130425026","100003","203","远信科技","程序判定：一线解决 实际判定:二线根本解决"
"10000002","EN20130425027","100003","203","远信科技","程序判定：一线解决 实际判定:二线根本解决"
"10000002","EN20130425028","100003","203","远信科技","程序判定：一线解决 实际判定:二线根本解决"
"10000002","EN20130425031","100003","203","远信科技","程序判定：一线解决 实际判定:二线根本解决"
"10000002","EN20130425034","100003","203","远信科技","程序判定：一线解决 实际判定:二线根本解决"
"10000002","EN20130425035","100003","203","远信科技","程序判定：一线解决 实际判定:二线根本解决"
"10000002","EN20130425036","100003","203","远信科技","程序判定：一线解决 实际判定:二线根本解决"
"10000002","EN20130425045","100003","203","远信科技","程序判定：一线解决 实际判定:二线根本解决"
"10000002","EN20130425050","100003","203","远信科技","程序判定：一线解决 实际判定:二线根本解决"
"10000002","EN20130425605","100003","203","远信科技","程序判定：一线解决 实际判定:二线根本解决"
"10000002","EN20130426018","100003","203","远信科技","程序判定：一线解决 实际判定:二线根本解决"
"10000002","EN20130426049","100003","203","远信科技","程序判定：一线解决 实际判定:二线根本解决"
"10000002","EN20130426051","100003","203","远信科技","程序判定：一线解决 实际判定:二线根本解决"
"10000002","EN20130426082","100003","203","远信科技","程序判定：一线解决 实际判定:二线根本解决"
"10000002","EN20130426086","100003","203","远信科技","程序判定：一线解决 实际判定:二线根本解决"
"10000002","EN20130426089","100003","203","远信科技","程序判定：一线解决 实际判定:二线根本解决"
"10000002","EN20130426092","100003","203","远信科技","程序判定：一线解决 实际判定:二线根本解决"
"10000002","EN20130426093","100003","203","远信科技","程序判定：一线解决 实际判定:二线根本解决"
"10000002","EN20130426095","100003","203","远信科技","程序判定：一线解决 实际判定:二线根本解决"
"10000002","EN20130426099","100003","203","远信科技","程序判定：一线解决 实际判定:二线根本解决"
"10000002","EN20130426100","100003","203","远信科技","程序判定：一线解决 实际判定:二线根本解决"
"10000002","EN20130426107","100003","203","远信科技","程序判定：一线解决 实际判定:二线根本解决"
"10000002","EN20130426108","100003","203","远信科技","程序判定：一线解决 实际判定:二线根本解决"
"10000002","EN20130426114","100003","203","远信科技","程序判定：一线解决 实际判定:二线根本解决"
"10000002","EN20130426118","100003","203","远信科技","程序判定：一线解决 实际判定:二线根本解决"
"10000002","EN20130426121","100003","203","远信科技","程序判定：一线解决 实际判定:二线根本解决"
"10000002","EN20130426122","100003","203","远信科技","程序判定：一线解决 实际判定:二线根本解决"
"10000002","EN20130426123","100003","203","远信科技","程序判定：一线解决 实际判定:二线根本解决"
"10000002","EN20130426126","100003","203","远信科技","程序判定：一线解决 实际判定:二线根本解决"
"10000002","EN20130426130","100003","203","远信科技","程序判定：一线解决 实际判定:二线根本解决"
"10000002","EN20130426136","100003","203","远信科技","程序判定：一线解决 实际判定:二线根本解决"
"10000002","EN20130426137","100003","203","远信科技","程序判定：一线解决 实际判定:二线根本解决"
"10000002","EN20130426145","100003","203","远信科技","程序判定：一线解决 实际判定:二线根本解决"
"10000002","EN20130426148","100003","203","远信科技","程序判定：一线解决 实际判定:二线根本解决"
"10000002","EN20130426154","100003","203","远信科技","程序判定：一线解决 实际判定:二线根本解决"
"10000002","EN20130426160","100003","203","远信科技","程序判定：一线解决 实际判定:二线根本解决"
"10000002","EN20130426166","100003","203","远信科技","程序判定：一线解决 实际判定:二线根本解决"
"10000002","EN20130426167","100003","203","远信科技","程序判定：一线解决 实际判定:二线根本解决"
"10000002","EN20130426173","100003","203","远信科技","程序判定：一线解决 实际判定:二线根本解决"
